fuente,titulo,descripcion,link,fecha,texto_completo,timestamp_recoleccion,sentimiento_positivo,sentimiento_negativo,sentimiento_neutral,sentimiento_compuesto,sentimiento_ajustado,direccion_eur,peso_temporal,peso_fuente,multiplicador_evento,peso_final,menciona_ecb,menciona_fed,menciona_eur,menciona_usd,dato_economico,decision_tasas
ForexLive,"investingLive European markets wrap: Yen gains further, risk sentiment on the rocks","
                            
                            <p>Headlines:</p><ul><li><a href=""https://investinglive.com/forex/usdjpy-continues-to-dribble-lower-to-start-the-new-week-20251201/"">USD/JPY continues to dribble lower to start the new week</a></li><li><a href=""https://investinglive.com/forex/usdjpy-technical-analysis-the-jpy-gains-as-speculations-for-a-december-hike-increase-20251201/"">USDJPY Technical Analysis: The JPY gains as speculations for a December hike increase</a></li><li><a href=""https://investinglive.com/news/gold-looks-to-kick-start-december-in-style-by-capitalising-on-technical-breakout-20251201/"">Gold looks to kick start December in style by capitalising on technical breakout</a></li><li><a href=""https://investinglive.com/news/heads-up-its-the-first-week-of-the-new-month-but-non-farm-payrolls-will-be-absent-20251201/"">Heads up: It's the first week of the new month but non-farm payrolls will be absent</a></li><li><a href=""https://investinglive.com/centralbank/boj-governor-ueda-delaying-rate-hike-for-too-long-could-cause-sharp-rise-in-inflation-20251201/"">BOJ governor Ueda: Delaying rate hike for too long could cause sharp rise in inflation</a></li><li><a href=""https://investinglive.com/news/japan-chief-cabinet-secretary-says-monetary-policy-falls-under-jurisdiction-of-boj-20251201/"">Japan chief Cabinet secretary says monetary policy falls under jurisdiction of BOJ</a></li><li><a href=""https://investinglive.com/news/heads-up-fed-chair-powell-set-to-speak-tonight-but-dont-expect-monetary-policy-comments-20251201/"">Heads up: Fed Chair Powell set to speak tonight, but don't expect monetary policy comments</a></li><li><a href=""https://investinglive.com/centralbank/ecbs-de-guindos-says-current-level-of-interest-rates-is-appropriate-20251201/"">ECB's de Guindos says current level of interest rates is appropriate</a></li><li><a href=""https://investinglive.com/news/eurozone-november-final-manufacturing-pmi-496-vs-497-prelim-20251201/"">Eurozone November final manufacturing PMI 49.6 vs 49.7 prelim</a></li><li><a href=""https://investinglive.com/news/uk-november-final-manufacturing-pmi-502-vs-502-prelim-20251201/"">UK November final manufacturing PMI 50.2 vs 50.2 prelim</a></li><li><a href=""https://investinglive.com/news/uk-october-mortgage-approvals-65018k-vs-64200k-expected-20251201/"">UK October mortgage approvals 65.018k vs 64.200k expected</a></li></ul><p>Markets:</p><ul><li>JPY leads, USD lags on the day</li><li>European equities lower; S&amp;P 500 futures down 0.7%</li><li>US 10-year yields up 2.7 bps to 4.046%</li><li>Gold up 0.5% to $4,251.61</li><li>WTI crude oil up 1.1% to $59.11</li><li>Bitcoin down 5.4% to $85,456</li></ul><p class=""text-align-justify"">It's always nice when the first day of the new month falls on a Monday. It keeps things fresh for markets and we're definitely seeing a contrast in the landscape as compared to last week already.</p><p class=""text-align-justify"">The market mood is keeping more cautious and defensive again as risk aversion kicks in with month-end flows and the Thanksgiving holiday now out of the picture. US futures stumbled with cryptocurrencies also being a cause of concern as Bitcoin plunges by 5% back under the $90,000 mark.</p><p class=""text-align-justify"">The resumption of the selling is continuing to keep the pressure on from two weeks ago. And that will keep investors feeling a bit more nervous in going about their business to start the new month.</p><p class=""text-align-justify"">In FX, the Japanese yen is the standout mover after BOJ governor Ueda stepped up with a more hawkish rhetoric today. He didn't hold back in pushing a case for a rate hike in December and that's fueling speculation of a potential move later this month. USD/JPY slid hard during the session, falling from 155.50 to be down 0.8% on the day now at 154.90. The pair looks poised for its biggest daily drop since 10 October.</p><p class=""text-align-justify"">Besides that, the risk selloff is also leading to a bit of selling in the dollar as well. EUR/USD moved up from 1.1600 to 1.1640 while GBP/USD nudged higher from 1.3230 levels to 1.3260 now. Even the commodity currencies are holding higher against the dollar with USD/CAD down 0.1% to 1.3961 and AUD/USD up 0.1% to 0.6556 on the day.</p><p class=""text-align-justify"">In the equities space, the more defensive mood is pinning down US futures with S&amp;P 500 futures down 0.8%. Tech shares are the main laggards with Nasdaq futures down 1.0% in what looks to be a heavy start after the Thanksgiving break. In Europe, major indices are also weighed down as such with the DAX lower by 1.5% and CAC 40 down by 0.8% on the day.</p><p class=""text-align-justify"">In the commodities space, oil is a modest mover with WTI crude climbing by over 1% after OPEC+ reaffirmed its decision to pause on production hikes. That is seeing price keep above $59 for now but well off earlier highs of close to $60. As for precious metals, the technical breakout in gold continues to take shape as we see another push higher today with bullion up 0.5% to $4,251 currently.</p><p class=""text-align-justify"">As for cryptocurrencies, they are also one of the standouts as Bitcoin is suffering a hemorrhage as it bleeds back below $90,000. The selling picked up during Asia trading already in a quick fall to just below $85,000. The pressure is still on with the cryptocurrency hovering near the lows and down 5% on the day to hold just above the $85,000 mark for now.</p><p class=""text-align-justify"">As another reminder, it may be the first week of the new month but there won't be any US non-farm payrolls release this Friday. So, market players will be left to fend for themselves for the most part and work with risk sentiment as the key driver to start December trading.</p>
                            This article was written by Justin Low at investinglive.com.
                        
                        ",https://investinglive.com/news/investinglive-european-markets-wrap-yen-gains-further-risk-sentiment-on-the-rocks-20251201/,2025-12-01 12:55:39+00:00,"investingLive European markets wrap: Yen gains further, risk sentiment on the rocks 
                            
                            <p>Headlines:</p><ul><li><a href=""https://investinglive.com/forex/usdjpy-continues-to-dribble-lower-to-start-the-new-week-20251201/"">USD/JPY continues to dribble lower to start the new week</a></li><li><a href=""https://investinglive.com/forex/usdjpy-technical-analysis-the-jpy-gains-as-speculations-for-a-december-hike-increase-20251201/"">USDJPY Technical Analysis: The JPY gains as speculations for a December hike increase</a></li><li><a href=""https://investinglive.com/news/gold-looks-to-kick-start-december-in-style-by-capitalising-on-technical-breakout-20251201/"">Gold looks to kick start December in style by capitalising on technical breakout</a></li><li><a href=""https://investinglive.com/news/heads-up-its-the-first-week-of-the-new-month-but-non-farm-payrolls-will-be-absent-20251201/"">Heads up: It's the first week of the new month but non-farm payrolls will be absent</a></li><li><a href=""https://investinglive.com/centralbank/boj-governor-ueda-delaying-rate-hike-for-too-long-could-cause-sharp-rise-in-inflation-20251201/"">BOJ governor Ueda: Delaying rate hike for too long could cause sharp rise in inflation</a></li><li><a href=""https://investinglive.com/news/japan-chief-cabinet-secretary-says-monetary-policy-falls-under-jurisdiction-of-boj-20251201/"">Japan chief Cabinet secretary says monetary policy falls under jurisdiction of BOJ</a></li><li><a href=""https://investinglive.com/news/heads-up-fed-chair-powell-set-to-speak-tonight-but-dont-expect-monetary-policy-comments-20251201/"">Heads up: Fed Chair Powell set to speak tonight, but don't expect monetary policy comments</a></li><li><a href=""https://investinglive.com/centralbank/ecbs-de-guindos-says-current-level-of-interest-rates-is-appropriate-20251201/"">ECB's de Guindos says current level of interest rates is appropriate</a></li><li><a href=""https://investinglive.com/news/eurozone-november-final-manufacturing-pmi-496-vs-497-prelim-20251201/"">Eurozone November final manufacturing PMI 49.6 vs 49.7 prelim</a></li><li><a href=""https://investinglive.com/news/uk-november-final-manufacturing-pmi-502-vs-502-prelim-20251201/"">UK November final manufacturing PMI 50.2 vs 50.2 prelim</a></li><li><a href=""https://investinglive.com/news/uk-october-mortgage-approvals-65018k-vs-64200k-expected-20251201/"">UK October mortgage approvals 65.018k vs 64.200k expected</a></li></ul><p>Markets:</p><ul><li>JPY leads, USD lags on the day</li><li>European equities lower; S&amp;P 500 futures down 0.7%</li><li>US 10-year yields up 2.7 bps to 4.046%</li><li>Gold up 0.5% to $4,251.61</li><li>WTI crude oil up 1.1% to $59.11</li><li>Bitcoin down 5.4% to $85,456</li></ul><p class=""text-align-justify"">It's always nice when the first day of the new month falls on a Monday. It keeps things fresh for markets and we're definitely seeing a contrast in the landscape as compared to last week already.</p><p class=""text-align-justify"">The market mood is keeping more cautious and defensive again as risk aversion kicks in with month-end flows and the Thanksgiving holiday now out of the picture. US futures stumbled with cryptocurrencies also being a cause of concern as Bitcoin plunges by 5% back under the $90,000 mark.</p><p class=""text-align-justify"">The resumption of the selling is continuing to keep the pressure on from two weeks ago. And that will keep investors feeling a bit more nervous in going about their business to start the new month.</p><p class=""text-align-justify"">In FX, the Japanese yen is the standout mover after BOJ governor Ueda stepped up with a more hawkish rhetoric today. He didn't hold back in pushing a case for a rate hike in December and that's fueling speculation of a potential move later this month. USD/JPY slid hard during the session, falling from 155.50 to be down 0.8% on the day now at 154.90. The pair looks poised for its biggest daily drop since 10 October.</p><p class=""text-align-justify"">Besides that, the risk selloff is also leading to a bit of selling in the dollar as well. EUR/USD moved up from 1.1600 to 1.1640 while GBP/USD nudged higher from 1.3230 levels to 1.3260 now. Even the commodity currencies are holding higher against the dollar with USD/CAD down 0.1% to 1.3961 and AUD/USD up 0.1% to 0.6556 on the day.</p><p class=""text-align-justify"">In the equities space, the more defensive mood is pinning down US futures with S&amp;P 500 futures down 0.8%. Tech shares are the main laggards with Nasdaq futures down 1.0% in what looks to be a heavy start after the Thanksgiving break. In Europe, major indices are also weighed down as such with the DAX lower by 1.5% and CAC 40 down by 0.8% on the day.</p><p class=""text-align-justify"">In the commodities space, oil is a modest mover with WTI crude climbing by over 1% after OPEC+ reaffirmed its decision to pause on production hikes. That is seeing price keep above $59 for now but well off earlier highs of close to $60. As for precious metals, the technical breakout in gold continues to take shape as we see another push higher today with bullion up 0.5% to $4,251 currently.</p><p class=""text-align-justify"">As for cryptocurrencies, they are also one of the standouts as Bitcoin is suffering a hemorrhage as it bleeds back below $90,000. The selling picked up during Asia trading already in a quick fall to just below $85,000. The pressure is still on with the cryptocurrency hovering near the lows and down 5% on the day to hold just above the $85,000 mark for now.</p><p class=""text-align-justify"">As another reminder, it may be the first week of the new month but there won't be any US non-farm payrolls release this Friday. So, market players will be left to fend for themselves for the most part and work with risk sentiment as the key driver to start December trading.</p>
                            This article was written by Justin Low at investinglive.com.
                        
                        ",2025-12-01 19:32:54.487333+00:00,0.059,0.091,0.85,-0.9772,-1.9544,NEGATIVO_EUR,0.8,1.0,2.0,1.6,True,True,True,True,True,True
ForexLive,What are the main events for today?,"
                            
                            <p>In the European session, we don't have much on the agenda other than the Swiss Retail Sales and the final PMI readings for the UK and the major Eurozone economies. None of these releases is going to change anything for the respective central banks, so the reaction will likely be muted. </p><p>In the American session, the main highlight will be the US ISM Manufacturing PMI. The consensus sees an uptick to 49.0 vs 48.7 prior. The S&amp;P Global Manufacturing PMI fell to a four-month low in November but ""still
signalled an improvement in factory business conditions"". </p><p>The agency added that ""production growth dipped slightly but remained solid by
recent standards, and employment rose at the fastest rate
since August. However, new order book growth weakened
from October’s strong reading and therefore weighed on the
PMI. In contrast, a greater lengthening of lead times acted
as a stronger positive influence. Inventories of inputs were
meanwhile largely unchanged.""</p><p>The market is pricing a 90% chance of a rate cut at the upcoming FOMC meeting, so the data is unlikely to change anything unless we get some big deviations. What comes next will depend on the Fed's forward guidance next week and the following NFP/CPI reports.</p><p>Central bank speakers:</p><ul><li>15:30 GMT/10:30 ET - BoE's Dhingra (dove - voter)</li></ul>
                            This article was written by Giuseppe Dellamotta at investinglive.com.
                        
                        ",https://investinglive.com/news/what-are-the-main-events-for-today-20251201/,2025-12-01 07:16:04+00:00,"What are the main events for today? 
                            
                            <p>In the European session, we don't have much on the agenda other than the Swiss Retail Sales and the final PMI readings for the UK and the major Eurozone economies. None of these releases is going to change anything for the respective central banks, so the reaction will likely be muted. </p><p>In the American session, the main highlight will be the US ISM Manufacturing PMI. The consensus sees an uptick to 49.0 vs 48.7 prior. The S&amp;P Global Manufacturing PMI fell to a four-month low in November but ""still
signalled an improvement in factory business conditions"". </p><p>The agency added that ""production growth dipped slightly but remained solid by
recent standards, and employment rose at the fastest rate
since August. However, new order book growth weakened
from October’s strong reading and therefore weighed on the
PMI. In contrast, a greater lengthening of lead times acted
as a stronger positive influence. Inventories of inputs were
meanwhile largely unchanged.""</p><p>The market is pricing a 90% chance of a rate cut at the upcoming FOMC meeting, so the data is unlikely to change anything unless we get some big deviations. What comes next will depend on the Fed's forward guidance next week and the following NFP/CPI reports.</p><p>Central bank speakers:</p><ul><li>15:30 GMT/10:30 ET - BoE's Dhingra (dove - voter)</li></ul>
                            This article was written by Giuseppe Dellamotta at investinglive.com.
                        
                        ",2025-12-01 19:32:54.487333+00:00,0.139,0.028,0.833,0.9825,1.7685000000000002,POSITIVO_EUR,0.6,1.0,1.8,1.08,False,True,True,False,True,False
ForexLive,"investingLive Asia-Pacific FX news wrap: Oil, gold, silver and yen all higher. BTC lower.","
                            
                            <ul><li><a href=""https://investinglive.com/centralbank/nagel-ecb-rates-near-neutral-as-inflation-outlook-stabilises-ahead-of-december-forecasts-20251201/"">Nagel: ECB rates near neutral as inflation outlook stabilises ahead of December forecasts</a></li><li><a href=""https://investinglive.com/centralbank/anna-breman-takes-charge-at-rbnz-pledging-focus-and-credibility-20251201/"">Anna Breman takes charge at RBNZ, pledging focus and credibility</a></li><li><a href=""https://investinglive.com/news/recap-china-export-oriented-factory-pmi-falls-back-into-contraction-as-new-orders-weaken-20251201/"">Recap - China export-oriented factory PMI falls back into contraction as new orders weaken</a></li><li><a href=""https://investinglive.com/centralbank/barclays-december-fed-rate-cut-more-than-likely-despite-expected-dissents-20251201/"">Barclays: December Fed rate cut “more than likely” despite expected dissents</a></li><li><a href=""https://investinglive.com/centralbank/indonesia-central-bank-governor-willbringrupiahtotradeat16500or16400nextyear-20251201/"">Indonesia central bank governor: Will bring rupiah to trade at 16,500 or 16,400 next year</a></li><li><a href=""https://investinglive.com/news/japans-pm-takaichi-promises-to-continue-fiscal-management-20251201/"">Japan's PM Takaichi promises to continue fiscal management</a></li><li><a href=""https://investinglive.com/centralbank/bojs-ueda-flags-fx-driven-inflation-risks-as-households-feel-squeeze-from-higher-prices-20251201/"">BOJ’s Ueda flags FX-driven inflation risks as households feel squeeze from higher prices</a></li><li><a href=""https://investinglive.com/Cryptocurrency/bitcoin-dumped-again-20251201/"">Bitcoin dumped again</a></li><li><a href=""https://investinglive.com/news/china-sp-global-rating-dog-manufacturing-pmi-499-expected-505-20251201/"">China S&amp;P Global Rating Dog Manufacturing PMI  49.9 (expected 50.5)</a></li><li><a href=""https://investinglive.com/centralbank/pboc-sets-usd-cny-reference-rate-for-today-at-70750-vs-estimate-at-70709-20251201/"">PBOC sets USD/ CNY reference rate for today at 7.0750 (vs. estimate at 7.0709)</a></li><li><a href=""https://investinglive.com/centralbank/bank-of-japan-governor-ueda-says-will-raise-rates-if-prices-economy-move-as-forecast-20251201/"">Bank of Japan Governor Ueda says will raise rates if prices, economy move as forecast</a></li><li><a href=""https://investinglive.com/news/japan-jibun-sp-global-manufacturing-pmi-november-final-487-prior-482-20251201/"">Japan Jibun / S&amp;P Global manufacturing PMI, November final, 48.7 (prior 48.2)</a></li><li><a href=""https://investinglive.com/news/australian-q3-business-inventories-09-qq-expected-0-20251201/"">Australian Q3 business inventories -0.9% q/q (expected 0%)</a></li><li><a href=""https://investinglive.com/news/uk-services-optimism-plunges-to-three-year-low-as-costs-surge-cbi-warns-20251201/"">UK services optimism plunges to three-year low as costs surge, CBI warns</a></li><li><a href=""https://investinglive.com/centralbank/australias-mi-inflation-stays-firm-in-november-as-annual-rate-edges-up-to-32-20251201/"">Australia’s MI inflation stays firm in November as annual rate edges up to 3.2%</a></li><li><a href=""https://investinglive.com/news/japan-q3-capex-disappoints-while-company-profits-surge-nearly-20-20251130/"">Japan Q3 capex disappoints while company profits surge nearly 20%</a></li><li><a href=""https://investinglive.com/forex/south-korea-boosts-fx-oversight-with-new-reviews-investor-checks-and-swap-line-talks-20251130/"">South Korea boosts FX oversight with new reviews, investor checks and swap-line talks</a></li><li><a href=""https://investinglive.com/commodities/opec-holds-2026-oil-quotas-pauses-output-hikes-and-approves-new-capacity-rules-20251130/"">OPEC+ holds 2026 oil quotas, pauses output hikes and approves new capacity rules</a></li><li><a href=""https://investinglive.com/commodities/sunday-evening-globex-trade-is-open-equity-index-futures-little-changed-oil-higher-20251130/"">Sunday evening Globex trade is open, equity index futures little changed, oil higher</a></li><li><a href=""https://investinglive.com/news/rubio-on-ukraine-meeting-productive-and-theres-more-work-to-be-done-20251130/"">Rubio on Ukraine meeting, ""productive"" and ""there's more work to be done.""</a></li><li><a href=""https://investinglive.com/news/australia-sp-global-manufacturing-pmi-november-final-516-prior-497-20251130/"">Australia S&amp;P Global Manufacturing PMI November, final 51.6 (prior 49.7)</a></li><li><a href=""https://investinglive.com/news/new-zealand-october-building-permits-09-mm-prior-73-20251130/"">New Zealand October building permits -0.9% m/m (prior +7.3%)</a></li><li><a href=""https://investinglive.com/news/trump-confirms-he-had-a-phone-call-with-venezuelan-president-maduro-20251130/"">Trump confirms he had a phone call with Venezuelan President Maduro</a></li><li><a href=""https://investinglive.com/news/chinas-factory-and-service-pmis-contract-again-as-holiday-boost-fades-recovery-softens-20251130/"">China’s factory and service PMIs contract again as holiday boost fades, recovery softens</a></li><li><a href=""https://investinglive.com/forex/monday-morning-open-levels-indicative-forex-prices-01-december-2025-20251130/"">Monday morning open levels - indicative forex prices - 01 December 2025</a></li><li><a href=""https://investinglive.com/centralbank/newsquawk-week-ahead-potential-fed-chair-pick-us-ism-pmis-us-pce-ez-cpi-canada-jobs-20251129/"">Newsquawk Week Ahead: Potential Fed Chair pick, US ISM PMIs, US PCE, EZ CPI, Canada Jobs</a></li></ul><p data-start=""210"" data-end=""576"">The yen strengthened through the session, both ahead of and after Bank of Japan Governor Kazuo Ueda’s speech, — as Japanese government bond yields surged to fresh multi-year highs.</p><ul><li>
Japan’s 2-year JGB yield hit 1.00%, the highest in 17 years, while the 5-year rose 4 bps to 1.35% and the 10-year climbed 4.5 bps to 1.845%, levels last seen in June 2008.</li></ul><p data-start=""578"" data-end=""893"">Ueda struck a more hawkish tone in remarks to business leaders in Nagoya, saying the BOJ will assess the “pros and cons” of raising interest rates at its December meeting. He also offered a more upbeat view of the economy. Markets took the comments as keeping the door open to a near-term rate hike.</p><p data-start=""895"" data-end=""1265"">Japan’s Q3 corporate results painted a mixed picture. Firms cut capital spending after five quarters of growth, pointing to softer sentiment as U.S. tariffs bite. But profitability sharply outperformed: company profits surged 19.7% y/y, far above forecasts and rebounding from 0.2% previously, a divergence showing cautious investment despite stronger earnings.</p><p data-start=""1267"" data-end=""1551"">Major FX elsewhere were rangebound.</p><p data-start=""1267"" data-end=""1551"">
In Australia, the Melbourne Institute inflation gauge held firm, with November CPI rising 0.3% m/m and edging up to 3.2% y/y, likely reinforcing expectations that the RBA will stay cautious and push back against near-term easing bets.</p><p data-start=""1553"" data-end=""1955"">Gold rallied, while silver jumped more than 5% from its breakoput level circa $54.50, extending a six-day run.</p><p data-start=""1553"" data-end=""1955"">
Bitcoin fell, with the most notable development being S&amp;P’s downgrade of Tether’s ability to maintain its USD peg. BitMEX co-founder Arthur Hayes warned Tether could become insolvent if the value of its gold and Bitcoin reserves dropped by ~30%, though it’s unclear this was the driver.</p><p data-start=""1957"" data-end=""2410"">From China, weekend PMI data confirmed the economy lost momentum in November.
The official manufacturing PMI inched up to 49.2, still in contraction for an eighth month, while non-manufacturing slipped to 49.5, its first decline since late 2022. 
On Monday, the RatingDog private manufacturing PMI also fell back into contraction at 49.9 from 50.6, with softer domestic orders overshadowing an eight-month high in export demand.</p><p data-start=""2412"" data-end=""2559"">Australia’s data flow today brought a downside surprise: Q3 inventories slid -0.9% vs. 0% expected, a clear negative input for Wednesday’s GDP.</p><p data-start=""2561"" data-end=""3137"">OPEC+ over the weekend agreed to maintain 2026 output quotas and approved a long-discussed framework for assessing members’ maximum production capacity. Eight producers also agreed in principle to extend their pause on output hikes through Q1 2026, after returning nearly 3 million barrels per day to the market since April 2025. U.S. President Trump confirmed he had spoken with Venezuela’s President Maduro, while stressing Venezuela “is not a friendly country” and urging markets not to over-interpret the temporary airspace closure. Oil rose. </p><p data-start=""3139"" data-end=""3337"">Finally, U.S. Secretary of State Marco Rubio said weekend talks with Ukraine made “additional progress,” describing the latest session as “productive” while cautioning that significant work remains.</p><p class=""western"">
Asia-Pac
stocks:</p><ul><li>Japan
(Nikkei 225) -1.8%</li><li>Hong
Kong (Hang Seng) +0.81% 
</li><li>Shanghai
Composite +0.42%</li><li>Australia
(S&amp;P/ASX 200) -0.54%</li></ul>
                            This article was written by Eamonn Sheridan at investinglive.com.
                        
                        ",https://investinglive.com/news/investinglive-asia-pacific-fx-news-wrap-oil-gold-silver-and-yen-all-higher-btc-lower-20251201/,2025-12-01 04:50:42+00:00,"investingLive Asia-Pacific FX news wrap: Oil, gold, silver and yen all higher. BTC lower. 
                            
                            <ul><li><a href=""https://investinglive.com/centralbank/nagel-ecb-rates-near-neutral-as-inflation-outlook-stabilises-ahead-of-december-forecasts-20251201/"">Nagel: ECB rates near neutral as inflation outlook stabilises ahead of December forecasts</a></li><li><a href=""https://investinglive.com/centralbank/anna-breman-takes-charge-at-rbnz-pledging-focus-and-credibility-20251201/"">Anna Breman takes charge at RBNZ, pledging focus and credibility</a></li><li><a href=""https://investinglive.com/news/recap-china-export-oriented-factory-pmi-falls-back-into-contraction-as-new-orders-weaken-20251201/"">Recap - China export-oriented factory PMI falls back into contraction as new orders weaken</a></li><li><a href=""https://investinglive.com/centralbank/barclays-december-fed-rate-cut-more-than-likely-despite-expected-dissents-20251201/"">Barclays: December Fed rate cut “more than likely” despite expected dissents</a></li><li><a href=""https://investinglive.com/centralbank/indonesia-central-bank-governor-willbringrupiahtotradeat16500or16400nextyear-20251201/"">Indonesia central bank governor: Will bring rupiah to trade at 16,500 or 16,400 next year</a></li><li><a href=""https://investinglive.com/news/japans-pm-takaichi-promises-to-continue-fiscal-management-20251201/"">Japan's PM Takaichi promises to continue fiscal management</a></li><li><a href=""https://investinglive.com/centralbank/bojs-ueda-flags-fx-driven-inflation-risks-as-households-feel-squeeze-from-higher-prices-20251201/"">BOJ’s Ueda flags FX-driven inflation risks as households feel squeeze from higher prices</a></li><li><a href=""https://investinglive.com/Cryptocurrency/bitcoin-dumped-again-20251201/"">Bitcoin dumped again</a></li><li><a href=""https://investinglive.com/news/china-sp-global-rating-dog-manufacturing-pmi-499-expected-505-20251201/"">China S&amp;P Global Rating Dog Manufacturing PMI  49.9 (expected 50.5)</a></li><li><a href=""https://investinglive.com/centralbank/pboc-sets-usd-cny-reference-rate-for-today-at-70750-vs-estimate-at-70709-20251201/"">PBOC sets USD/ CNY reference rate for today at 7.0750 (vs. estimate at 7.0709)</a></li><li><a href=""https://investinglive.com/centralbank/bank-of-japan-governor-ueda-says-will-raise-rates-if-prices-economy-move-as-forecast-20251201/"">Bank of Japan Governor Ueda says will raise rates if prices, economy move as forecast</a></li><li><a href=""https://investinglive.com/news/japan-jibun-sp-global-manufacturing-pmi-november-final-487-prior-482-20251201/"">Japan Jibun / S&amp;P Global manufacturing PMI, November final, 48.7 (prior 48.2)</a></li><li><a href=""https://investinglive.com/news/australian-q3-business-inventories-09-qq-expected-0-20251201/"">Australian Q3 business inventories -0.9% q/q (expected 0%)</a></li><li><a href=""https://investinglive.com/news/uk-services-optimism-plunges-to-three-year-low-as-costs-surge-cbi-warns-20251201/"">UK services optimism plunges to three-year low as costs surge, CBI warns</a></li><li><a href=""https://investinglive.com/centralbank/australias-mi-inflation-stays-firm-in-november-as-annual-rate-edges-up-to-32-20251201/"">Australia’s MI inflation stays firm in November as annual rate edges up to 3.2%</a></li><li><a href=""https://investinglive.com/news/japan-q3-capex-disappoints-while-company-profits-surge-nearly-20-20251130/"">Japan Q3 capex disappoints while company profits surge nearly 20%</a></li><li><a href=""https://investinglive.com/forex/south-korea-boosts-fx-oversight-with-new-reviews-investor-checks-and-swap-line-talks-20251130/"">South Korea boosts FX oversight with new reviews, investor checks and swap-line talks</a></li><li><a href=""https://investinglive.com/commodities/opec-holds-2026-oil-quotas-pauses-output-hikes-and-approves-new-capacity-rules-20251130/"">OPEC+ holds 2026 oil quotas, pauses output hikes and approves new capacity rules</a></li><li><a href=""https://investinglive.com/commodities/sunday-evening-globex-trade-is-open-equity-index-futures-little-changed-oil-higher-20251130/"">Sunday evening Globex trade is open, equity index futures little changed, oil higher</a></li><li><a href=""https://investinglive.com/news/rubio-on-ukraine-meeting-productive-and-theres-more-work-to-be-done-20251130/"">Rubio on Ukraine meeting, ""productive"" and ""there's more work to be done.""</a></li><li><a href=""https://investinglive.com/news/australia-sp-global-manufacturing-pmi-november-final-516-prior-497-20251130/"">Australia S&amp;P Global Manufacturing PMI November, final 51.6 (prior 49.7)</a></li><li><a href=""https://investinglive.com/news/new-zealand-october-building-permits-09-mm-prior-73-20251130/"">New Zealand October building permits -0.9% m/m (prior +7.3%)</a></li><li><a href=""https://investinglive.com/news/trump-confirms-he-had-a-phone-call-with-venezuelan-president-maduro-20251130/"">Trump confirms he had a phone call with Venezuelan President Maduro</a></li><li><a href=""https://investinglive.com/news/chinas-factory-and-service-pmis-contract-again-as-holiday-boost-fades-recovery-softens-20251130/"">China’s factory and service PMIs contract again as holiday boost fades, recovery softens</a></li><li><a href=""https://investinglive.com/forex/monday-morning-open-levels-indicative-forex-prices-01-december-2025-20251130/"">Monday morning open levels - indicative forex prices - 01 December 2025</a></li><li><a href=""https://investinglive.com/centralbank/newsquawk-week-ahead-potential-fed-chair-pick-us-ism-pmis-us-pce-ez-cpi-canada-jobs-20251129/"">Newsquawk Week Ahead: Potential Fed Chair pick, US ISM PMIs, US PCE, EZ CPI, Canada Jobs</a></li></ul><p data-start=""210"" data-end=""576"">The yen strengthened through the session, both ahead of and after Bank of Japan Governor Kazuo Ueda’s speech, — as Japanese government bond yields surged to fresh multi-year highs.</p><ul><li>
Japan’s 2-year JGB yield hit 1.00%, the highest in 17 years, while the 5-year rose 4 bps to 1.35% and the 10-year climbed 4.5 bps to 1.845%, levels last seen in June 2008.</li></ul><p data-start=""578"" data-end=""893"">Ueda struck a more hawkish tone in remarks to business leaders in Nagoya, saying the BOJ will assess the “pros and cons” of raising interest rates at its December meeting. He also offered a more upbeat view of the economy. Markets took the comments as keeping the door open to a near-term rate hike.</p><p data-start=""895"" data-end=""1265"">Japan’s Q3 corporate results painted a mixed picture. Firms cut capital spending after five quarters of growth, pointing to softer sentiment as U.S. tariffs bite. But profitability sharply outperformed: company profits surged 19.7% y/y, far above forecasts and rebounding from 0.2% previously, a divergence showing cautious investment despite stronger earnings.</p><p data-start=""1267"" data-end=""1551"">Major FX elsewhere were rangebound.</p><p data-start=""1267"" data-end=""1551"">
In Australia, the Melbourne Institute inflation gauge held firm, with November CPI rising 0.3% m/m and edging up to 3.2% y/y, likely reinforcing expectations that the RBA will stay cautious and push back against near-term easing bets.</p><p data-start=""1553"" data-end=""1955"">Gold rallied, while silver jumped more than 5% from its breakoput level circa $54.50, extending a six-day run.</p><p data-start=""1553"" data-end=""1955"">
Bitcoin fell, with the most notable development being S&amp;P’s downgrade of Tether’s ability to maintain its USD peg. BitMEX co-founder Arthur Hayes warned Tether could become insolvent if the value of its gold and Bitcoin reserves dropped by ~30%, though it’s unclear this was the driver.</p><p data-start=""1957"" data-end=""2410"">From China, weekend PMI data confirmed the economy lost momentum in November.
The official manufacturing PMI inched up to 49.2, still in contraction for an eighth month, while non-manufacturing slipped to 49.5, its first decline since late 2022. 
On Monday, the RatingDog private manufacturing PMI also fell back into contraction at 49.9 from 50.6, with softer domestic orders overshadowing an eight-month high in export demand.</p><p data-start=""2412"" data-end=""2559"">Australia’s data flow today brought a downside surprise: Q3 inventories slid -0.9% vs. 0% expected, a clear negative input for Wednesday’s GDP.</p><p data-start=""2561"" data-end=""3137"">OPEC+ over the weekend agreed to maintain 2026 output quotas and approved a long-discussed framework for assessing members’ maximum production capacity. Eight producers also agreed in principle to extend their pause on output hikes through Q1 2026, after returning nearly 3 million barrels per day to the market since April 2025. U.S. President Trump confirmed he had spoken with Venezuela’s President Maduro, while stressing Venezuela “is not a friendly country” and urging markets not to over-interpret the temporary airspace closure. Oil rose. </p><p data-start=""3139"" data-end=""3337"">Finally, U.S. Secretary of State Marco Rubio said weekend talks with Ukraine made “additional progress,” describing the latest session as “productive” while cautioning that significant work remains.</p><p class=""western"">
Asia-Pac
stocks:</p><ul><li>Japan
(Nikkei 225) -1.8%</li><li>Hong
Kong (Hang Seng) +0.81% 
</li><li>Shanghai
Composite +0.42%</li><li>Australia
(S&amp;P/ASX 200) -0.54%</li></ul>
                            This article was written by Eamonn Sheridan at investinglive.com.
                        
                        ",2025-12-01 19:32:54.487333+00:00,0.07,0.061,0.869,0.4402,0.8804,NEGATIVO_EUR,0.6,1.0,2.0,1.2,True,True,False,True,True,True
