titulo,descripcion,fecha,link,fuente,sentimiento_compound,sentimiento_pos,sentimiento_neg,sentimiento_neu,clasificacion,impacto_eur
EUR/USD - FOREX.com,"<a href=""https://news.google.com/rss/articles/CBMiW0FVX3lxTE8xRmdRQXRDVzJURjJfTXRVc25kV19QU0NxR2prV3I5aUI2aExXbEFyTVI5ZzhPU1Job0RKN3l0bllvOHhvMHJVMDFBc1oyTFBKcjljbXRRRmpfdGM?oc=5"" target=""_blank"">EUR/USD</a>&nbsp;&nbsp;<font color=""#6f6f6f"">FOREX.com</font>",2025-11-14 22:59:59+00:00,https://news.google.com/rss/articles/CBMiW0FVX3lxTE8xRmdRQXRDVzJURjJfTXRVc25kV19QU0NxR2prV3I5aUI2aExXbEFyTVI5ZzhPU1Job0RKN3l0bllvOHhvMHJVMDFBc1oyTFBKcjljbXRRRmpfdGM?oc=5,FOREX.com,0.0,0.0,0.0,1.0,NEUTRAL,1.0
EUR/USD Forecast: Euro shows signs of life as focus shifts to central bank meetings - FXStreet,"<a href=""https://news.google.com/rss/articles/CBMiyAFBVV95cUxPWW9zQlpRNzNzUWJKdmJibXhlRFVoVlhGM3cyNGpoX0x1cjY4ZnpxclhoUldHVXRxNWZ5bkY1S0g2RVB6UmxVbVYzVzdodmpzRERyUTVzdGpWZFJERkJEdEdIdXNNbW1RSW03TjdrY3pXYVM4QWNOYVJtN1dyVVBnTUFOSlJMVGpjRTBPLWhfa0pNZnJTTEM5Mlk0UG9GX3c0SGd5Z3dLMFlnUVZjVl81cGtib2hCR3l4Sm15dld1SzQ1RGtvQkZSSNIBzgFBVV95cUxQb0tCa1REb2VpQ3Fyc2Z2bXhSdGdzWFVyQjZUSUFXdGFJM1otdHFVcG1DbU9sSjhFZU9uYXE0NDEyR3NyTzFpa1p4UWlaUXJrbzJEV3I2N1FSeWV0YlFMZ0tjNmhYcU51aDZBZHNPNU5MbjZjUHgyd0J1d3lqVnBjbjRvOXlSNDBXSXU4cWw2MDNKR0lkaXRSX25yV0xvVzVMQXVlVkNSRDdQU0FwTDJsS0U0cTg5anJEYkZkVk1nSV82aUl4VU4tZ2Vya3pIUQ?oc=5"" target=""_blank"">EUR/USD Forecast: Euro shows signs of life as focus shifts to central bank meetings</a>&nbsp;&nbsp;<font color=""#6f6f6f"">FXStreet</font>",2025-10-28 07:00:00+00:00,https://news.google.com/rss/articles/CBMiyAFBVV95cUxPWW9zQlpRNzNzUWJKdmJibXhlRFVoVlhGM3cyNGpoX0x1cjY4ZnpxclhoUldHVXRxNWZ5bkY1S0g2RVB6UmxVbVYzVzdodmpzRERyUTVzdGpWZFJERkJEdEdIdXNNbW1RSW03TjdrY3pXYVM4QWNOYVJtN1dyVVBnTUFOSlJMVGpjRTBPLWhfa0pNZnJTTEM5Mlk0UG9GX3c0SGd5Z3dLMFlnUVZjVl81cGtib2hCR3l4Sm15dld1SzQ1RGtvQkZSSNIBzgFBVV95cUxQb0tCa1REb2VpQ3Fyc2Z2bXhSdGdzWFVyQjZUSUFXdGFJM1otdHFVcG1DbU9sSjhFZU9uYXE0NDEyR3NyTzFpa1p4UWlaUXJrbzJEV3I2N1FSeWV0YlFMZ0tjNmhYcU51aDZBZHNPNU5MbjZjUHgyd0J1d3lqVnBjbjRvOXlSNDBXSXU4cWw2MDNKR0lkaXRSX25yV0xvVzVMQXVlVkNSRDdQU0FwTDJsS0U0cTg5anJEYkZkVk1nSV82aUl4VU4tZ2Vya3pIUQ?oc=5,FXStreet,0.0,0.0,0.0,1.0,NEUTRAL,0.0
Cómo usar un Currency Strength Meter para trade mejor en Forex - EBC Financial Group,"<a href=""https://news.google.com/rss/articles/CBMiUkFVX3lxTFA0SnJEVE5uOVlqc3gtRVFEd0ZZdDdaVTMyRFMtMTk3UVdzbE5rbkJqWWhGR1Q3aWxoSFhiWEpBeGlwb1RrWmRtYXZiQWN4djdadWc?oc=5"" target=""_blank"">Cómo usar un Currency Strength Meter para trade mejor en Forex</a>&nbsp;&nbsp;<font color=""#6f6f6f"">EBC Financial Group</font>",2025-07-22 07:00:00+00:00,https://news.google.com/rss/articles/CBMiUkFVX3lxTFA0SnJEVE5uOVlqc3gtRVFEd0ZZdDdaVTMyRFMtMTk3UVdzbE5rbkJqWWhGR1Q3aWxoSFhiWEpBeGlwb1RrWmRtYXZiQWN4djdadWc?oc=5,EBC Financial Group,0.7506,0.181,0.0,0.819,POSITIVO,0.7506
Powell is Head and Shoulders above the rest DXY EURUSD - FOREX.com,"<a href=""https://news.google.com/rss/articles/CBMinwFBVV95cUxOSGlWbjFpMHNLWWdHTnhyQlZjcEh4bWgtSGJ4VmtoUG9SU3loQWNWamhaQ2ZVdkROTW13RnhBY0VkejVrNnlTRk5sSWxXanhMX0dWcUhWOVJadXhIX3VYVE5Eb2paTWZKQmlMcU5HRV9yU2o3RmRqQU1zMk5YZm9YbV9mZ25saEFZeEZjQzh4aWdTeXhubHlCbFBsLXlZSDA?oc=5"" target=""_blank"">Powell is Head and Shoulders above the rest DXY EURUSD</a>&nbsp;&nbsp;<font color=""#6f6f6f"">FOREX.com</font>",2025-06-29 04:50:42+00:00,https://news.google.com/rss/articles/CBMinwFBVV95cUxOSGlWbjFpMHNLWWdHTnhyQlZjcEh4bWgtSGJ4VmtoUG9SU3loQWNWamhaQ2ZVdkROTW13RnhBY0VkejVrNnlTRk5sSWxXanhMX0dWcUhWOVJadXhIX3VYVE5Eb2paTWZKQmlMcU5HRV9yU2o3RmRqQU1zMk5YZm9YbV9mZ25saEFZeEZjQzh4aWdTeXhubHlCbFBsLXlZSDA?oc=5,FOREX.com,0.0,0.0,0.0,1.0,NEUTRAL,1.0
"Real to USD: What Is the Exchange Rate on Friday, August 18 - bloomberglinea.com","<a href=""https://news.google.com/rss/articles/CBMingFBVV95cUxPUUZMaFpXR0NxaklXY2plU3JUWVZ5eU9YamlNelU3dTd4NEJmaVpLT040WkIyMDFTM0VvVGlzenR0Zl9Eek10eXAxWF92YzNwUVdIWFhMZlJaYmwzZFltdGNFS2VLU2twUkFwNU1NNThCMFd5OWg1bC1LOE9lbTE3TF9XWEhNaFNIQzlaQWx1S0stV0ZPRkZ6NWVGYzNpZ9IBsgFBVV95cUxOSjBoVjJ3OHQ3TzVYcHNuSWptOEs5bTRRY0l1MHFYY1hsNFc5SEdCbFJLY1dsVExKa0Zibk9KV0JNNEFVaXJqakN5QjBjOU9DSzdPS0Fxa05PTGpJdEI0ZG5MUmFfakFTTFFEODd6SEI1aF9XNDJicFJ0QlBGYm1ELVppRUNwVUhoNHNTNURZRVFzdGdHY0xib1B1SkNqY3liSmdzNjZZdGs3NDVpVkx5eGZB?oc=5"" target=""_blank"">Real to USD: What Is the Exchange Rate on Friday, August 18</a>&nbsp;&nbsp;<font color=""#6f6f6f"">bloomberglinea.com</font>",2023-08-18 07:00:00+00:00,https://news.google.com/rss/articles/CBMingFBVV95cUxPUUZMaFpXR0NxaklXY2plU3JUWVZ5eU9YamlNelU3dTd4NEJmaVpLT040WkIyMDFTM0VvVGlzenR0Zl9Eek10eXAxWF92YzNwUVdIWFhMZlJaYmwzZFltdGNFS2VLU2twUkFwNU1NNThCMFd5OWg1bC1LOE9lbTE3TF9XWEhNaFNIQzlaQWx1S0stV0ZPRkZ6NWVGYzNpZ9IBsgFBVV95cUxOSjBoVjJ3OHQ3TzVYcHNuSWptOEs5bTRRY0l1MHFYY1hsNFc5SEdCbFJLY1dsVExKa0Zibk9KV0JNNEFVaXJqakN5QjBjOU9DSzdPS0Fxa05PTGpJdEI0ZG5MUmFfakFTTFFEODd6SEI1aF9XNDJicFJ0QlBGYm1ELVppRUNwVUhoNHNTNURZRVFzdGdHY0xib1B1SkNqY3liSmdzNjZZdGs3NDVpVkx5eGZB?oc=5,bloomberglinea.com,0.0,0.0,0.0,1.0,NEUTRAL,1.0
"El par EUR/USD, mixto tras el bombardeo de los bancos centrales - FXCM Markets","<a href=""https://news.google.com/rss/articles/CBMiggFBVV95cUxOUWo2bF9MSkF2N2VIaHB3Y0dwaG04VVQ1WldwU19PWl9rM1l3YjdOdktEUUQyT3dsdllEeGpoT0hNRjFZNmgxZy1HRW1KUGlWcEVSOTZ1ZmFmRk1uT2owY2tuSTd4SGk4OE0wR2Rsd3U2ZmFtUl91aUVINjZZYzVPRVp3?oc=5"" target=""_blank"">El par EUR/USD, mixto tras el bombardeo de los bancos centrales</a>&nbsp;&nbsp;<font color=""#6f6f6f"">FXCM Markets</font>",2022-12-16 08:00:00+00:00,https://news.google.com/rss/articles/CBMiggFBVV95cUxOUWo2bF9MSkF2N2VIaHB3Y0dwaG04VVQ1WldwU19PWl9rM1l3YjdOdktEUUQyT3dsdllEeGpoT0hNRjFZNmgxZy1HRW1KUGlWcEVSOTZ1ZmFmRk1uT2owY2tuSTd4SGk4OE0wR2Rsd3U2ZmFtUl91aUVINjZZYzVPRVp3?oc=5,FXCM Markets,0.0,0.0,0.0,1.0,NEUTRAL,1.0
US Dollar - FOREX.com,"<a href=""https://news.google.com/rss/articles/CBMiakFVX3lxTE9hZWFxM1J3Y2FIakJMUTd6VHZlQ1dwbXo3TWRuaTlyWjFBZkFjblFCd2oxVW1BWDV1dnAweEN0VTZBS2FZV0plVDFmXzVyWmU4MVlFS1U3RTZyUTFUcnNzcG1kWTVfa0lCcEE?oc=5"" target=""_blank"">US Dollar</a>&nbsp;&nbsp;<font color=""#6f6f6f"">FOREX.com</font>",2025-06-27 20:39:12+00:00,https://news.google.com/rss/articles/CBMiakFVX3lxTE9hZWFxM1J3Y2FIakJMUTd6VHZlQ1dwbXo3TWRuaTlyWjFBZkFjblFCd2oxVW1BWDV1dnAweEN0VTZBS2FZV0plVDFmXzVyWmU4MVlFS1U3RTZyUTFUcnNzcG1kWTVfa0lCcEE?oc=5,FOREX.com,0.0,0.0,0.0,1.0,NEUTRAL,1.0
Actualización EUR/USD: El euro repunta ante amenazas co - FOREX.com,"<a href=""https://news.google.com/rss/articles/CBMimwFBVV95cUxPdDdoMDJHcEZ3aGpXb2o4by1EOG80MHlQbXpoOGNEVFFYTS1KdW03QXI4WmNIS0V0X25BajVTdFM1eEdDeXQwazZ4RmFHX1JRd1ZxUjE3R2hUMHVNWm5POFJQY0FjeVRfY3phakdNWm5US3dSb1R0MlgxdUNzZ3d1Nm9PZktDaEZJTVVNQ1hnNHUxd05Ia05mbEhwRQ?oc=5"" target=""_blank"">Actualización EUR/USD: El euro repunta ante amenazas co</a>&nbsp;&nbsp;<font color=""#6f6f6f"">FOREX.com</font>",2025-05-23 07:00:00+00:00,https://news.google.com/rss/articles/CBMimwFBVV95cUxPdDdoMDJHcEZ3aGpXb2o4by1EOG80MHlQbXpoOGNEVFFYTS1KdW03QXI4WmNIS0V0X25BajVTdFM1eEdDeXQwazZ4RmFHX1JRd1ZxUjE3R2hUMHVNWm5POFJQY0FjeVRfY3phakdNWm5US3dSb1R0MlgxdUNzZ3d1Nm9PZktDaEZJTVVNQ1hnNHUxd05Ia05mbEhwRQ?oc=5,FOREX.com,0.0,0.0,0.0,1.0,NEUTRAL,0.0
EURUSD and DXY at key levels - FOREX.com,"<a href=""https://news.google.com/rss/articles/CBMifEFVX3lxTE5USFJLSUFvNTNPeHRVdnZuMkpNRk5maC1STmQ3dmVDUVl3aW1GTU9xaWFaODJLcU5jc3YwbW9kdU9FbGtOTEpDaDg4MkU5RmJEWGptU1o0NzZnQVRmVmM2a1dSdEZ5ZXFEeWVFNzVEQXJFVDhseUhITVhhVkE?oc=5"" target=""_blank"">EURUSD and DXY at key levels</a>&nbsp;&nbsp;<font color=""#6f6f6f"">FOREX.com</font>",2025-07-01 21:26:03+00:00,https://news.google.com/rss/articles/CBMifEFVX3lxTE5USFJLSUFvNTNPeHRVdnZuMkpNRk5maC1STmQ3dmVDUVl3aW1GTU9xaWFaODJLcU5jc3YwbW9kdU9FbGtOTEpDaDg4MkU5RmJEWGptU1o0NzZnQVRmVmM2a1dSdEZ5ZXFEeWVFNzVEQXJFVDhseUhITVhhVkE?oc=5,FOREX.com,0.0,0.0,0.0,1.0,NEUTRAL,1.0
Pronóstico EUR/USD: ¿Puede el dólar americano recuperarse frente al euro? - FOREX.com,"<a href=""https://news.google.com/rss/articles/CBMipAFBVV95cUxOc0c0SVZYOXUyVENENDI0QlI4cXhHM3JkUGo3bVA3dWcxYkVMMVZ3bjNNRzcwRUhOaUwtQ0NOQXhKZVZlRmx4SEV1dmNic3plX2pVbi1hcmhzSkZaM1JMUlp4RTk4ekxaN1J4M2NFWFJobF9Iak5oYWZQbGJhT2QwNW9xR0lyTWd4NERESTFfTHExRnFuQ1k4em1tWXVuUjBXZ0pPbg?oc=5"" target=""_blank"">Pronóstico EUR/USD: ¿Puede el dólar americano recuperarse frente al euro?</a>&nbsp;&nbsp;<font color=""#6f6f6f"">FOREX.com</font>",2025-04-29 07:00:00+00:00,https://news.google.com/rss/articles/CBMipAFBVV95cUxOc0c0SVZYOXUyVENENDI0QlI4cXhHM3JkUGo3bVA3dWcxYkVMMVZ3bjNNRzcwRUhOaUwtQ0NOQXhKZVZlRmx4SEV1dmNic3plX2pVbi1hcmhzSkZaM1JMUlp4RTk4ekxaN1J4M2NFWFJobF9Iak5oYWZQbGJhT2QwNW9xR0lyTWd4NERESTFfTHExRnFuQ1k4em1tWXVuUjBXZ0pPbg?oc=5,FOREX.com,0.0,0.0,0.0,1.0,NEUTRAL,0.0
Índice Dólar DXY: Qué es y cómo se puede operar con él - FOREX.com,"<a href=""https://news.google.com/rss/articles/CBMid0FVX3lxTE9yQWg3Y1ZUZWZVcXotczdoLVE1TXE3bUtxcDlKSEQtOTlPVV9NTWZsamRudmt5SVJBQms3TFVBNFBGc0dERjhHQjZLWUJiQ2dlc29aWDFJVlZpWDJaRzk3WW1PY0lFRUpKdEtGUHR2QnVFQy1SeTJn?oc=5"" target=""_blank"">Índice Dólar DXY: Qué es y cómo se puede operar con él</a>&nbsp;&nbsp;<font color=""#6f6f6f"">FOREX.com</font>",2025-06-28 00:41:48+00:00,https://news.google.com/rss/articles/CBMid0FVX3lxTE9yQWg3Y1ZUZWZVcXotczdoLVE1TXE3bUtxcDlKSEQtOTlPVV9NTWZsamRudmt5SVJBQms3TFVBNFBGc0dERjhHQjZLWUJiQ2dlc29aWDFJVlZpWDJaRzk3WW1PY0lFRUpKdEtGUHR2QnVFQy1SeTJn?oc=5,FOREX.com,0.0,0.0,0.0,1.0,NEUTRAL,0.0
The top 10 strongest currencies in the world - FOREX.com,"<a href=""https://news.google.com/rss/articles/CBMikAFBVV95cUxPdS1LamhDbHFCa3dwSU9XTDhaZlV4aVViZDl0SnRMQnc0ZGpuRkxKS2V6ajA2dS13ckRrM0hFaklMTUdPZTE0TUVzaFdYS3hWV010Y1BpQzNnUUZIZlA0eHdSWnFyaUpIbjFWOHBUNV9nZVJjdTIzTC1xc2VKLUtTaGxzNXRVRVBla1JnaUVRX00?oc=5"" target=""_blank"">The top 10 strongest currencies in the world</a>&nbsp;&nbsp;<font color=""#6f6f6f"">FOREX.com</font>",2021-10-24 05:33:09+00:00,https://news.google.com/rss/articles/CBMikAFBVV95cUxPdS1LamhDbHFCa3dwSU9XTDhaZlV4aVViZDl0SnRMQnc0ZGpuRkxKS2V6ajA2dS13ckRrM0hFaklMTUdPZTE0TUVzaFdYS3hWV010Y1BpQzNnUUZIZlA0eHdSWnFyaUpIbjFWOHBUNV9nZVJjdTIzTC1xc2VKLUtTaGxzNXRVRVBla1JnaUVRX00?oc=5,FOREX.com,0.8126,0.356,0.0,0.644,POSITIVO,0.8126
Pronóstico EUR/USD: El euro no logra recuperarse a pesar de la incertidumbre política en Estados Unidos - FOREX.com,"<a href=""https://news.google.com/rss/articles/CBMi3gFBVV95cUxPOWFjT3k1WWxwc2VleXRGNXhUWDdkR2k2TXMyUXFpeWc4ZGVXZUo2SHFVa0FJazJoLWlkd1FscFloOTRuWXVNamU3aWJuTWszeDBVcks2RjlPMk9fYW8wS0xid255bl9vQnlOZVRIczMwZGdKWXBhTVBFUjBEMFJ2ODNkcmwyU0ptRGNZY19jMTlxQ0h2aFZyd2p0X1dTY3hPY0hnNkl6dGFaQ0htdE5CcU83QzlMR3FGaUluVENVMWVOQko2aWp0SGMteWdsdjJkaEtjYU1sV2xyNDZKb1E?oc=5"" target=""_blank"">Pronóstico EUR/USD: El euro no logra recuperarse a pesar de la incertidumbre política en Estados Unidos</a>&nbsp;&nbsp;<font color=""#6f6f6f"">FOREX.com</font>",2025-10-02 07:00:00+00:00,https://news.google.com/rss/articles/CBMi3gFBVV95cUxPOWFjT3k1WWxwc2VleXRGNXhUWDdkR2k2TXMyUXFpeWc4ZGVXZUo2SHFVa0FJazJoLWlkd1FscFloOTRuWXVNamU3aWJuTWszeDBVcks2RjlPMk9fYW8wS0xid255bl9vQnlOZVRIczMwZGdKWXBhTVBFUjBEMFJ2ODNkcmwyU0ptRGNZY19jMTlxQ0h2aFZyd2p0X1dTY3hPY0hnNkl6dGFaQ0htdE5CcU83QzlMR3FGaUluVENVMWVOQko2aWp0SGMteWdsdjJkaEtjYU1sV2xyNDZKb1E?oc=5,FOREX.com,-0.5267,0.0,0.112,0.888,NEGATIVO,-0.5267
Currency Pair of the Week USDMXN - FOREX.com,"<a href=""https://news.google.com/rss/articles/CBMiggFBVV95cUxNSzNwYzRYbVZKSDFIYV9IRFpvS2JtRDZtY1VWZHRrU25LUWo5dENLaVc1R3NnaFpIWEJiRVd5ZEdJWVppZTJOOVI2dk9FRkdBZ2d6MFF6bHZtNkVSLWNzb3NIUmgxT1RKNnNSQVVWTEV0dHd3WUgtR2JDMmJ0dl9YWENn?oc=5"" target=""_blank"">Currency Pair of the Week USDMXN</a>&nbsp;&nbsp;<font color=""#6f6f6f"">FOREX.com</font>",2025-06-28 23:03:05+00:00,https://news.google.com/rss/articles/CBMiggFBVV95cUxNSzNwYzRYbVZKSDFIYV9IRFpvS2JtRDZtY1VWZHRrU25LUWo5dENLaVc1R3NnaFpIWEJiRVd5ZEdJWVppZTJOOVI2dk9FRkdBZ2d6MFF6bHZtNkVSLWNzb3NIUmgxT1RKNnNSQVVWTEV0dHd3WUgtR2JDMmJ0dl9YWENn?oc=5,FOREX.com,0.0,0.0,0.0,1.0,NEUTRAL,1.0
Análisis del euro frente al dólar estadounidense: el EU - FOREX.com,"<a href=""https://news.google.com/rss/articles/CBMitgFBVV95cUxNOW9INWpVdlFMYXg5N21Mc2NwMVJLeGs5aDN3d1pLT0t2UjMyc283Rk92blA0YzJvOF9qckI4eTAySXlnOW00OXRkRG81VEtGS2tqc2RQdWN6YW5URm91R25wR21QSWNpOWdjV0lyam02YkJ5U1hoY0pTY2ZkeDZnNHhDeUVxUkkzQ1BWTFBaRkdsQURUWm5OZ2Fza3hoSFpPcjhhS1ZMRVdzLVJpNzEyQ3g4UU9Qdw?oc=5"" target=""_blank"">Análisis del euro frente al dólar estadounidense: el EU</a>&nbsp;&nbsp;<font color=""#6f6f6f"">FOREX.com</font>",2024-01-31 08:00:00+00:00,https://news.google.com/rss/articles/CBMitgFBVV95cUxNOW9INWpVdlFMYXg5N21Mc2NwMVJLeGs5aDN3d1pLT0t2UjMyc283Rk92blA0YzJvOF9qckI4eTAySXlnOW00OXRkRG81VEtGS2tqc2RQdWN6YW5URm91R25wR21QSWNpOWdjV0lyam02YkJ5U1hoY0pTY2ZkeDZnNHhDeUVxUkkzQ1BWTFBaRkdsQURUWm5OZ2Fza3hoSFpPcjhhS1ZMRVdzLVJpNzEyQ3g4UU9Qdw?oc=5,FOREX.com,0.0,0.0,0.0,1.0,NEUTRAL,-1.0
Perspectiva del EUR/USD: par de divisas de la semana (8 de abril de 2024) - FOREX.com,"<a href=""https://news.google.com/rss/articles/CBMinwFBVV95cUxOWlc0TnprTUx2NHpDSmZRdENOOWZlSTVPQ00yY2g0bXhrOXRiaDdSZWp0a1MzdXAyMkVGZjhaSzg4bUY5M1MyTXZhWnAzZ05hZERsZ1NhY3VobEY4TEhza0hBNFpxNUxnZ0xYOTk4V21BbEJGOTZlNVZ4SUNTX1pEcWc3Tml4ZjN6Ty1rdzRZZHgtNjBUSENsVFZJLXhSaFE?oc=5"" target=""_blank"">Perspectiva del EUR/USD: par de divisas de la semana (8 de abril de 2024)</a>&nbsp;&nbsp;<font color=""#6f6f6f"">FOREX.com</font>",2024-04-08 07:00:00+00:00,https://news.google.com/rss/articles/CBMinwFBVV95cUxOWlc0TnprTUx2NHpDSmZRdENOOWZlSTVPQ00yY2g0bXhrOXRiaDdSZWp0a1MzdXAyMkVGZjhaSzg4bUY5M1MyTXZhWnAzZ05hZERsZ1NhY3VobEY4TEhza0hBNFpxNUxnZ0xYOTk4V21BbEJGOTZlNVZ4SUNTX1pEcWc3Tml4ZjN6Ty1rdzRZZHgtNjBUSENsVFZJLXhSaFE?oc=5,FOREX.com,0.802,0.188,0.0,0.812,POSITIVO,-1.0
Análisis del dólar y del EUR/USD ( 7 de febrero de 2024) - FOREX.com,"<a href=""https://news.google.com/rss/articles/CBMijwFBVV95cUxQSEUxQmFNaGE2NDI3NjFFTzVnZDJpd0lWNG5ZRVdvTU5CUlRfTy1pWWpKWFNCQnRjQ24zNmFqdmZ5V2laSjlqVDRhQXBNWlBHU0hzTUtZTVhiNkJUQ2dPVWdVVnY0WVdTak9meV96cW9LSnJoT25QcHRGbm9hbHY5eGpPZ3ZaYVY2dXVGbnkyYw?oc=5"" target=""_blank"">Análisis del dólar y del EUR/USD ( 7 de febrero de 2024)</a>&nbsp;&nbsp;<font color=""#6f6f6f"">FOREX.com</font>",2024-02-07 08:00:00+00:00,https://news.google.com/rss/articles/CBMijwFBVV95cUxQSEUxQmFNaGE2NDI3NjFFTzVnZDJpd0lWNG5ZRVdvTU5CUlRfTy1pWWpKWFNCQnRjQ24zNmFqdmZ5V2laSjlqVDRhQXBNWlBHU0hzTUtZTVhiNkJUQ2dPVWdVVnY0WVdTak9meV96cW9LSnJoT25QcHRGbm9hbHY5eGpPZ3ZaYVY2dXVGbnkyYw?oc=5,FOREX.com,0.0,0.0,0.0,1.0,NEUTRAL,1.0
"Vuelven los alcistas del yen, el EUR/USD se beneficia d - FOREX.com","<a href=""https://news.google.com/rss/articles/CBMivwFBVV95cUxPR09qUUp2Y1JXSGxPN0dvbXpydzlhYW9vSVM4ZEFTcU1rRnJxaEJQT3h0Vk13ZXU2cW9YbXU3ck1xN21iWjJPZlB1TUx1X0dZSXE2dzJKdnZ4c01ObEN0RkdJaFFpZkFyaHhEdmcyaXc1U0E5NmY0MTROck1XS0UxYngtUng4OVJiMTAwcUNZZTg3eFd3VzRQbnVfdGc0Q1d1UDl6ZzRXMFVGcnFva25QQXh1dHhHSGd3REJ4a1BWTQ?oc=5"" target=""_blank"">Vuelven los alcistas del yen, el EUR/USD se beneficia d</a>&nbsp;&nbsp;<font color=""#6f6f6f"">FOREX.com</font>",2023-12-06 08:00:00+00:00,https://news.google.com/rss/articles/CBMivwFBVV95cUxPR09qUUp2Y1JXSGxPN0dvbXpydzlhYW9vSVM4ZEFTcU1rRnJxaEJQT3h0Vk13ZXU2cW9YbXU3ck1xN21iWjJPZlB1TUx1X0dZSXE2dzJKdnZ4c01ObEN0RkdJaFFpZkFyaHhEdmcyaXc1U0E5NmY0MTROck1XS0UxYngtUng4OVJiMTAwcUNZZTg3eFd3VzRQbnVfdGc0Q1d1UDl6ZzRXMFVGcnFva25QQXh1dHhHSGd3REJ4a1BWTQ?oc=5,FOREX.com,0.0,0.0,0.0,1.0,NEUTRAL,1.0
Análisis del euro frente al dólar estadounidense: el EU - FOREX.com,"<a href=""https://news.google.com/rss/articles/CBMisAFBVV95cUxQY0tXTDVCaXVIYm1uLTVyMHdkZnZfSm8tdm55THc1YWZqcnBxcmI5b0diQjgyeTBvVmJUR2t0ckw5T093Q2VqTFRQQWpfZjVBeWdyQjJyaWRMOU9yNkFMdGR6N01GQl9EMHF0Zk1YOGFUeEk5WE5yT3A0czdDVzBkN1A2VXg5TWJhMlB2bjlaalJ1ald5NmU4NHFzX3ZNNU1kLTlPQ2F3UHZxVU8ydmJreg?oc=5"" target=""_blank"">Análisis del euro frente al dólar estadounidense: el EU</a>&nbsp;&nbsp;<font color=""#6f6f6f"">FOREX.com</font>",2024-01-10 08:00:00+00:00,https://news.google.com/rss/articles/CBMisAFBVV95cUxQY0tXTDVCaXVIYm1uLTVyMHdkZnZfSm8tdm55THc1YWZqcnBxcmI5b0diQjgyeTBvVmJUR2t0ckw5T093Q2VqTFRQQWpfZjVBeWdyQjJyaWRMOU9yNkFMdGR6N01GQl9EMHF0Zk1YOGFUeEk5WE5yT3A0czdDVzBkN1A2VXg5TWJhMlB2bjlaalJ1ald5NmU4NHFzX3ZNNU1kLTlPQ2F3UHZxVU8ydmJreg?oc=5,FOREX.com,0.0,0.0,0.0,1.0,NEUTRAL,-1.0
A Beginner’s Guide to Understanding Argentina’s Multiple Exchange Rates - bloomberglinea.com,"<a href=""https://news.google.com/rss/articles/CBMirgFBVV95cUxOblVjdWxOTV9PY1FNT3R3TjVLSG5LdFJDSW1zVGZFeHd6MjA0VlltWGV6Ylk4eVcyUXh5aGhiSHZsck1wc0tENy02cXlHcC1iOVNsc1VYZ292QUZzcTd6RnB6bi1Mdnc2eWpjS0VOZ1UtNnc2eFZwOUllbVUwaWhyTm9UaDZRa096c3Q3MlVYcTZkcG9Rc3pSTnFCUWRPNFNra3pVN0twZVVmd01QR3fSAcIBQVVfeXFMTUMwZGNuQ0dheHhhRDdtcHRDNllvOGpld3ZWbzBsQUpUV1FBZzlXSFBEUF9SVl9Ua3pkRHA5MmliUUJqbzg5WFF0ZThJUDBvb2E4dFBJUWNyYU83ZkVFU1dOckdmaVY4c1ZmZ3YyZHYtQ3FROGNLYjVCSjdUaTU3QU1WQ0VIR0ZYcmJobzhGSHJFelpWZVF0aVp0QU5XQWd1cTZ0SC13NEViTmF4ZFhINHl5ajNTRHdWSDFkZWc3ZWhLWmc?oc=5"" target=""_blank"">A Beginner’s Guide to Understanding Argentina’s Multiple Exchange Rates</a>&nbsp;&nbsp;<font color=""#6f6f6f"">bloomberglinea.com</font>",2023-08-13 07:00:00+00:00,https://news.google.com/rss/articles/CBMirgFBVV95cUxOblVjdWxOTV9PY1FNT3R3TjVLSG5LdFJDSW1zVGZFeHd6MjA0VlltWGV6Ylk4eVcyUXh5aGhiSHZsck1wc0tENy02cXlHcC1iOVNsc1VYZ292QUZzcTd6RnB6bi1Mdnc2eWpjS0VOZ1UtNnc2eFZwOUllbVUwaWhyTm9UaDZRa096c3Q3MlVYcTZkcG9Rc3pSTnFCUWRPNFNra3pVN0twZVVmd01QR3fSAcIBQVVfeXFMTUMwZGNuQ0dheHhhRDdtcHRDNllvOGpld3ZWbzBsQUpUV1FBZzlXSFBEUF9SVl9Ua3pkRHA5MmliUUJqbzg5WFF0ZThJUDBvb2E4dFBJUWNyYU83ZkVFU1dOckdmaVY4c1ZmZ3YyZHYtQ3FROGNLYjVCSjdUaTU3QU1WQ0VIR0ZYcmJobzhGSHJFelpWZVF0aVp0QU5XQWd1cTZ0SC13NEViTmF4ZFhINHl5ajNTRHdWSDFkZWc3ZWhLWmc?oc=5,bloomberglinea.com,0.0,0.0,0.0,1.0,NEUTRAL,0.0
